arm,start,ES,E50,E40,n50,n40,PL_PF,CCx,perm
maxES,int0,0.1934,0.3105,0.2278,20,51,0.4681,0.9974,62 56 57 58 26 20 21 22 98 86 92 94 55 63 51 43 19 69 87 79 91 27 50 37 49 99 93 42 54 64 15 44 46 61 52 45 47 25 59 39 10 67 16 9 82 97 53 81 40 60 88 8
maxE50,int0,-0.053,0.2733,0.2657,17,18,0.581,0.9986,62 56 57 58 26 20 21 22 98 92 68 94 55 63 51 43 91 69 50 37 19 27 15 44 49 64 93 7 54 99 87 79 46 61 52 45 47 97 59 39 82 60 16 9 10 67 53 81 40 25 88 8
maxE40,int0,-0.051,0.2733,0.2683,17,18,0.581,0.9986,62 56 57 58 26 20 21 22 98 92 68 94 55 63 51 43 91 69 50 37 19 27 15 44 49 64 93 7 54 99 87 79 46 61 52 45 47 25 59 81 82 67 16 39 10 97 53 9 40 60 88 8
minCC,int0,0.1086,0.0813,0.1575,10,13,0.819,1.0,62 56 57 58 26 20 21 22 98 68 92 94 55 63 51 43 49 64 50 44 19 69 15 37 91 27 93 7 54 99 87 79 46 61 52 45 40 97 59 39 82 60 16 9 10 67 53 81 47 25 88 8
maxES,int1,0.1081,0.1468,0.0977,20,43,0.4677,1.0,56 44 64 62 92 80 100 98 20 8 28 26 63 58 55 49 57 46 91 14 99 94 54 48 69 65 61 85 27 59 19 13 45 51 52 43 9 15 16 42 39 93 53 79 38 87 88 7 81 50 17 37
maxE50,int1,0.1183,0.1689,0.1093,21,45,0.4677,1.0,56 44 64 62 92 80 100 98 20 8 28 26 63 58 55 49 57 46 61 50 99 59 91 48 69 65 54 85 27 94 19 13 45 51 52 43 9 15 16 42 39 93 22 79 38 87 88 37 81 86 53 7
maxE40,int1,0.0906,0.1397,0.1141,19,45,0.4677,1.0,56 44 64 62 92 80 100 98 20 8 28 26 63 58 55 49 57 46 61 50 69 94 91 48 27 65 54 85 99 59 19 13 45 51 52 43 9 15 16 42 39 93 22 37 38 87 88 7 81 14 53 79
minCC,int1,0.0776,0.1228,0.1019,19,44,0.4677,1.0,56 44 64 62 92 80 100 98 20 8 28 26 63 58 55 49 57 46 61 50 69 59 54 48 27 65 91 85 99 22 19 13 45 51 52 43 9 15 16 79 39 93 94 7 38 87 88 37 81 14 53 42
maxES,int2,0.1749,0.1925,0.1587,21,50,0.4677,0.9987,61 55 45 44 25 19 9 8 97 91 81 80 63 50 58 43 62 14 59 49 27 15 22 7 69 87 94 37 99 86 57 42 64 52 56 46 65 51 21 10 70 88 20 40 28 53 93 82 100 16 92 47
maxE50,int2,0.1322,0.2016,0.1145,18,49,0.4677,1.0,61 55 45 44 25 19 9 8 97 91 81 80 63 50 58 43 62 86 57 49 27 14 59 7 69 38 22 37 99 51 94 42 64 52 56 46 65 87 26 10 70 88 20 40 28 53 21 82 100 16 92 47
maxE40,int2,0.0917,0.1954,0.1365,19,47,0.4677,1.0,61 55 45 44 25 19 9 8 97 91 81 80 63 50 58 43 69 86 57 49 27 14 22 42 93 51 94 37 99 38 59 7 64 52 56 46 65 87 98 10 70 88 20 40 28 53 62 82 100 16 92 47
minCC,int2,0.0953,0.1497,0.0881,17,49,0.4677,1.0,61 55 45 44 25 19 9 8 97 91 81 80 63 50 58 43 62 51 57 49 99 86 94 7 69 38 22 37 27 14 59 42 64 52 56 46 28 87 68 10 70 88 20 40 100 53 93 82 65 16 92 47
maxES,int3,0.1352,0.1616,0.1046,25,49,0.4667,1.0,55 52 51 61 19 16 15 25 91 88 87 97 44 63 57 49 50 69 58 48 8 99 93 85 38 62 21 56 14 27 92 13 64 43 46 45 65 79 10 39 28 37 82 9 100 78 47 81 70 42 40 80
maxE50,int3,0.1229,0.1677,0.1115,23,48,0.4667,1.0,55 52 51 61 19 16 15 25 91 88 87 97 44 63 57 49 50 69 58 13 8 99 93 85 38 62 21 56 14 27 92 48 64 43 46 45 65 79 82 39 28 37 40 9 100 36 47 81 70 42 10 80
maxE40,int3,0.0954,0.1358,0.1227,21,51,0.4667,1.0,55 52 51 61 19 16 15 25 91 88 87 97 44 63 57 49 8 69 58 56 38 99 93 85 50 62 21 13 14 27 20 48 64 43 46 45 65 79 82 81 28 37 40 9 100 42 10 39 70 78 47 80
minCC,int3,0.0621,0.1245,0.0716,22,49,0.4667,1.0,55 52 51 61 19 16 15 25 91 88 87 97 44 63 57 49 50 62 58 56 8 99 93 85 38 69 21 48 42 27 92 13 64 43 46 45 65 7 10 39 28 37 47 81 100 6 40 9 70 79 82 80
maxES,int4,0.2421,0.2801,0.1958,23,47,0.4677,1.0,62 61 52 64 26 25 16 28 98 97 88 100 51 57 56 45 63 58 55 50 86 93 92 81 87 94 20 9 15 21 68 39 44 46 49 43 80 40 13 79 14 82 54 37 8 47 85 42 38 10 48 7
maxE50,int4,0.153,0.3458,0.2134,21,46,0.4677,0.9987,62 61 52 64 26 25 16 28 98 97 88 100 51 57 56 45 87 63 55 50 86 93 68 39 15 58 20 9 94 21 92 81 44 46 49 43 80 40 13 79 38 82 91 37 14 47 85 42 8 10 48 7
maxE40,int4,0.2184,0.2956,0.2316,22,49,0.4677,1.0,62 61 52 64 26 25 16 28 98 97 88 100 51 57 56 45 63 58 55 50 86 21 92 9 15 94 20 39 87 93 68 81 44 46 49 43 80 40 48 42 14 82 91 79 8 47 85 37 38 10 13 7
minCC,int4,0.1848,0.2516,0.2123,21,49,0.4677,1.0,62 61 52 64 26 25 16 28 98 97 88 100 51 57 56 45 63 58 55 50 86 21 92 9 15 22 20 39 87 93 68 81 44 46 49 43 80 82 48 79 14 10 54 37 38 40 85 7 8 47 13 42
maxES,int5,0.1634,0.1853,0.163,18,45,0.5579,1.0,44 45 55 61 38 39 54 97 8 9 19 25 56 52 57 43 92 51 58 49 62 16 21 7 20 88 93 37 98 53 59 42 63 64 46 50 69 65 40 86 99 100 82 87 27 28 47 15 26 70 10 14
maxE50,int5,0.1241,0.2257,0.1803,20,44,0.5579,1.0,44 45 55 61 38 39 54 97 8 9 19 25 56 52 57 43 62 51 58 49 92 16 93 37 20 53 21 79 98 88 94 42 63 64 46 50 99 65 10 14 69 100 47 87 27 28 40 15 26 70 82 86
maxE40,int5,0.1194,0.1968,0.1647,19,48,0.5579,1.0,44 45 55 61 38 39 54 97 8 9 19 25 56 52 57 43 62 51 58 49 92 16 22 7 20 53 21 79 98 88 93 42 63 64 46 50 99 65 82 14 69 100 40 87 27 28 47 15 68 70 10 86
minCC,int5,0.0822,0.1454,0.1289,17,45,0.5579,1.0,44 45 55 61 38 39 54 97 8 9 19 25 56 52 57 43 62 51 58 49 20 88 21 42 92 16 93 79 68 53 59 37 63 64 46 50 27 65 10 14 99 100 47 87 69 28 40 15 98 70 82 86
maxES,int6,0.1842,0.2506,0.1458,23,49,0.4682,1.0,44 63 45 43 80 99 81 79 8 27 9 7 50 55 61 51 56 57 62 15 52 91 97 21 86 54 60 39 14 19 67 87 64 58 46 49 28 22 47 85 65 93 40 13 70 59 82 48 100 94 10 84
maxE50,int6,0.2434,0.2928,0.1986,24,47,0.4682,1.0,44 63 45 43 80 99 81 79 8 27 9 7 50 55 61 51 15 56 62 57 87 91 97 21 86 54 60 39 14 19 67 52 64 58 46 49 28 22 47 85 65 93 40 48 70 59 82 84 100 94 10 13
maxE40,int6,0.1371,0.2743,0.2014,20,49,0.4682,0.9987,44 63 45 43 80 99 81 79 8 27 9 7 50 55 61 51 93 91 67 21 15 56 62 87 86 54 97 52 14 19 60 39 64 58 46 49 28 22 47 85 65 57 40 84 70 59 82 48 100 94 10 13
minCC,int6,0.135,0.257,0.1593,23,48,0.4682,1.0,44 63 45 43 80 99 81 79 8 27 9 7 50 55 61 51 56 57 62 52 15 54 97 93 86 91 60 39 14 19 67 87 64 58 46 49 28 22 47 85 65 21 40 13 70 59 82 48 100 94 10 84
maxES,int7,0.2184,0.2271,0.204,27,46,0.4674,1.0,50 46 58 43 14 10 22 7 86 82 94 79 49 61 62 51 55 98 63 52 85 97 68 88 13 60 64 15 48 67 25 87 57 56 45 44 99 19 81 42 27 26 80 37 21 20 39 38 93 92 9 8
maxE50,int7,0.2184,0.2271,0.204,27,46,0.4674,1.0,50 46 58 43 14 10 22 7 86 82 94 79 49 61 62 51 55 98 63 52 85 97 68 88 13 60 64 15 48 67 25 87 57 56 45 44 99 19 81 42 27 26 80 37 21 20 39 38 93 92 9 8
maxE40,int7,0.1907,0.2648,0.2516,28,47,0.4674,0.9991,50 46 58 43 14 10 22 7 86 82 94 79 49 61 62 51 55 97 63 52 13 60 98 15 48 67 68 88 85 25 104 87 57 56 45 44 99 19 81 38 27 26 75 42 21 20 39 37 93 92 9 80
minCC,int7,0.1241,0.1967,0.1721,27,46,0.4674,1.0,50 46 58 43 14 10 22 7 86 82 94 79 49 61 62 51 55 64 63 52 13 97 68 88 85 60 98 15 48 67 25 87 57 56 45 44 99 19 81 37 27 26 8 42 21 20 39 38 93 92 9 80
