node,x,y,z,layer,kind,rt,ct,R,C,Rt,Ct,crossbars,tiles
0,0,0,0,stem,conv,0,0,2,4,1,1,8,1
49,0,0,1,s1b0_c1,conv,0,0,1,4,1,1,4,1
98,0,0,2,s1b0_c2,conv,0,0,5,4,1,1,20,1
1,1,0,0,s1b0_c3,conv,0,0,1,16,1,1,16,1
50,1,0,1,s1b0_sc,proj,0,0,1,16,1,1,16,1
99,1,0,2,s1b1_c1,conv,0,0,2,4,1,1,8,1
2,2,0,0,s1b1_c2,conv,0,0,5,4,1,1,20,1
51,2,0,1,s1b1_c3,conv,0,0,1,16,1,1,16,1
100,2,0,2,s1b2_c1,conv,0,0,2,4,1,1,8,1
3,3,0,0,s1b2_c2,conv,0,0,5,4,1,1,20,1
52,3,0,1,s1b2_c3,conv,0,0,1,16,1,1,16,1
101,3,0,2,s2b0_c1,conv,0,0,2,8,1,1,16,1
4,4,0,0,s2b0_c2,conv,0,0,9,8,1,1,72,1
53,4,0,1,s2b0_c3,conv,0,0,1,32,1,1,32,1
102,4,0,2,s2b0_sc,proj,0,0,2,32,1,1,64,1
5,5,0,0,s2b1_c1,conv,0,0,4,8,1,1,32,1
54,5,0,1,s2b1_c2,conv,0,0,9,8,1,1,72,1
103,5,0,2,s2b1_c3,conv,0,0,1,32,1,1,32,1
6,6,0,0,s2b2_c1,conv,0,0,4,8,1,1,32,1
55,6,0,1,s2b2_c2,conv,0,0,9,8,1,1,72,1
104,6,0,2,s2b2_c3,conv,0,0,1,32,1,1,32,1
7,0,1,0,s2b3_c1,conv,0,0,4,8,1,1,32,1
56,0,1,1,s2b3_c2,conv,0,0,9,8,1,1,72,1
105,0,1,2,s2b3_c3,conv,0,0,1,32,1,1,32,1
8,1,1,0,s3b0_c1,conv,0,0,4,16,1,1,64,1
57,1,1,1,s3b0_c2,conv,0,0,18,16,1,3,288,3
106,1,1,2,s3b0_c2,conv,0,1,18,16,1,3,288,3
9,2,1,0,s3b0_c2,conv,0,2,18,16,1,3,288,3
58,2,1,1,s3b0_c3,conv,0,0,2,64,1,2,128,2
107,2,1,2,s3b0_c3,conv,0,1,2,64,1,2,128,2
10,3,1,0,s3b0_sc,proj,0,0,4,64,1,3,256,3
59,3,1,1,s3b0_sc,proj,0,1,4,64,1,3,256,3
108,3,1,2,s3b0_sc,proj,0,2,4,64,1,3,256,3
11,4,1,0,s3b1_c1,conv,0,0,8,16,1,2,128,2
60,4,1,1,s3b1_c1,conv,0,1,8,16,1,2,128,2
109,4,1,2,s3b1_c2,conv,0,0,18,16,1,3,288,3
12,5,1,0,s3b1_c2,conv,0,1,18,16,1,3,288,3
61,5,1,1,s3b1_c2,conv,0,2,18,16,1,3,288,3
110,5,1,2,s3b1_c3,conv,0,0,2,64,1,2,128,2
13,6,1,0,s3b1_c3,conv,0,1,2,64,1,2,128,2
62,6,1,1,s3b2_c1,conv,0,0,8,16,1,2,128,2
111,6,1,2,s3b2_c1,conv,0,1,8,16,1,2,128,2
14,0,2,0,s3b2_c2,conv,0,0,18,16,1,3,288,3
63,0,2,1,s3b2_c2,conv,0,1,18,16,1,3,288,3
112,0,2,2,s3b2_c2,conv,0,2,18,16,1,3,288,3
15,1,2,0,s3b2_c3,conv,0,0,2,64,1,2,128,2
64,1,2,1,s3b2_c3,conv,0,1,2,64,1,2,128,2
113,1,2,2,s3b3_c1,conv,0,0,8,16,1,2,128,2
16,2,2,0,s3b3_c1,conv,0,1,8,16,1,2,128,2
65,2,2,1,s3b3_c2,conv,0,0,18,16,1,3,288,3
114,2,2,2,s3b3_c2,conv,0,1,18,16,1,3,288,3
17,3,2,0,s3b3_c2,conv,0,2,18,16,1,3,288,3
66,3,2,1,s3b3_c3,conv,0,0,2,64,1,2,128,2
115,3,2,2,s3b3_c3,conv,0,1,2,64,1,2,128,2
18,4,2,0,s3b4_c1,conv,0,0,8,16,1,2,128,2
67,4,2,1,s3b4_c1,conv,0,1,8,16,1,2,128,2
116,4,2,2,s3b4_c2,conv,0,0,18,16,1,3,288,3
19,5,2,0,s3b4_c2,conv,0,1,18,16,1,3,288,3
68,5,2,1,s3b4_c2,conv,0,2,18,16,1,3,288,3
117,5,2,2,s3b4_c3,conv,0,0,2,64,1,2,128,2
20,6,2,0,s3b4_c3,conv,0,1,2,64,1,2,128,2
69,6,2,1,s3b5_c1,conv,0,0,8,16,1,2,128,2
118,6,2,2,s3b5_c1,conv,0,1,8,16,1,2,128,2
21,0,3,0,s3b5_c2,conv,0,0,18,16,1,3,288,3
70,0,3,1,s3b5_c2,conv,0,1,18,16,1,3,288,3
119,0,3,2,s3b5_c2,conv,0,2,18,16,1,3,288,3
22,1,3,0,s3b5_c3,conv,0,0,2,64,1,2,128,2
71,1,3,1,s3b5_c3,conv,0,1,2,64,1,2,128,2
120,1,3,2,s4b0_c1,conv,0,0,8,32,1,3,256,3
23,2,3,0,s4b0_c1,conv,0,1,8,32,1,3,256,3
72,2,3,1,s4b0_c1,conv,0,2,8,32,1,3,256,3
121,2,3,2,s4b0_c2,conv,0,0,36,32,1,11,1152,11
24,3,3,0,s4b0_c2,conv,0,1,36,32,1,11,1152,11
73,3,3,1,s4b0_c2,conv,0,2,36,32,1,11,1152,11
122,3,3,2,s4b0_c2,conv,0,3,36,32,1,11,1152,11
25,4,3,0,s4b0_c2,conv,0,4,36,32,1,11,1152,11
74,4,3,1,s4b0_c2,conv,0,5,36,32,1,11,1152,11
123,4,3,2,s4b0_c2,conv,0,6,36,32,1,11,1152,11
26,5,3,0,s4b0_c2,conv,0,7,36,32,1,11,1152,11
75,5,3,1,s4b0_c2,conv,0,8,36,32,1,11,1152,11
124,5,3,2,s4b0_c2,conv,0,9,36,32,1,11,1152,11
27,6,3,0,s4b0_c2,conv,0,10,36,32,1,11,1152,11
76,6,3,1,s4b0_c3,conv,0,0,4,128,1,5,512,5
125,6,3,2,s4b0_c3,conv,0,1,4,128,1,5,512,5
28,0,4,0,s4b0_c3,conv,0,2,4,128,1,5,512,5
77,0,4,1,s4b0_c3,conv,0,3,4,128,1,5,512,5
126,0,4,2,s4b0_c3,conv,0,4,4,128,1,5,512,5
29,1,4,0,s4b0_sc,proj,0,0,8,128,1,9,1024,9
78,1,4,1,s4b0_sc,proj,0,1,8,128,1,9,1024,9
127,1,4,2,s4b0_sc,proj,0,2,8,128,1,9,1024,9
30,2,4,0,s4b0_sc,proj,0,3,8,128,1,9,1024,9
79,2,4,1,s4b0_sc,proj,0,4,8,128,1,9,1024,9
128,2,4,2,s4b0_sc,proj,0,5,8,128,1,9,1024,9
31,3,4,0,s4b0_sc,proj,0,6,8,128,1,9,1024,9
80,3,4,1,s4b0_sc,proj,0,7,8,128,1,9,1024,9
129,3,4,2,s4b0_sc,proj,0,8,8,128,1,9,1024,9
32,4,4,0,s4b1_c1,conv,0,0,16,32,1,5,512,5
81,4,4,1,s4b1_c1,conv,0,1,16,32,1,5,512,5
130,4,4,2,s4b1_c1,conv,0,2,16,32,1,5,512,5
33,5,4,0,s4b1_c1,conv,0,3,16,32,1,5,512,5
82,5,4,1,s4b1_c1,conv,0,4,16,32,1,5,512,5
131,5,4,2,s4b1_c2,conv,0,0,36,32,1,11,1152,11
34,6,4,0,s4b1_c2,conv,0,1,36,32,1,11,1152,11
83,6,4,1,s4b1_c2,conv,0,2,36,32,1,11,1152,11
132,6,4,2,s4b1_c2,conv,0,3,36,32,1,11,1152,11
35,0,5,0,s4b1_c2,conv,0,4,36,32,1,11,1152,11
84,0,5,1,s4b1_c2,conv,0,5,36,32,1,11,1152,11
133,0,5,2,s4b1_c2,conv,0,6,36,32,1,11,1152,11
36,1,5,0,s4b1_c2,conv,0,7,36,32,1,11,1152,11
85,1,5,1,s4b1_c2,conv,0,8,36,32,1,11,1152,11
134,1,5,2,s4b1_c2,conv,0,9,36,32,1,11,1152,11
37,2,5,0,s4b1_c2,conv,0,10,36,32,1,11,1152,11
86,2,5,1,s4b1_c3,conv,0,0,4,128,1,5,512,5
135,2,5,2,s4b1_c3,conv,0,1,4,128,1,5,512,5
38,3,5,0,s4b1_c3,conv,0,2,4,128,1,5,512,5
87,3,5,1,s4b1_c3,conv,0,3,4,128,1,5,512,5
136,3,5,2,s4b1_c3,conv,0,4,4,128,1,5,512,5
39,4,5,0,s4b2_c1,conv,0,0,16,32,1,5,512,5
88,4,5,1,s4b2_c1,conv,0,1,16,32,1,5,512,5
137,4,5,2,s4b2_c1,conv,0,2,16,32,1,5,512,5
40,5,5,0,s4b2_c1,conv,0,3,16,32,1,5,512,5
89,5,5,1,s4b2_c1,conv,0,4,16,32,1,5,512,5
138,5,5,2,s4b2_c2,conv,0,0,36,32,1,11,1152,11
41,6,5,0,s4b2_c2,conv,0,1,36,32,1,11,1152,11
90,6,5,1,s4b2_c2,conv,0,2,36,32,1,11,1152,11
139,6,5,2,s4b2_c2,conv,0,3,36,32,1,11,1152,11
42,0,6,0,s4b2_c2,conv,0,4,36,32,1,11,1152,11
91,0,6,1,s4b2_c2,conv,0,5,36,32,1,11,1152,11
140,0,6,2,s4b2_c2,conv,0,6,36,32,1,11,1152,11
43,1,6,0,s4b2_c2,conv,0,7,36,32,1,11,1152,11
92,1,6,1,s4b2_c2,conv,0,8,36,32,1,11,1152,11
141,1,6,2,s4b2_c2,conv,0,9,36,32,1,11,1152,11
44,2,6,0,s4b2_c2,conv,0,10,36,32,1,11,1152,11
93,2,6,1,s4b2_c3,conv,0,0,4,128,1,5,512,5
142,2,6,2,s4b2_c3,conv,0,1,4,128,1,5,512,5
45,3,6,0,s4b2_c3,conv,0,2,4,128,1,5,512,5
94,3,6,1,s4b2_c3,conv,0,3,4,128,1,5,512,5
143,3,6,2,s4b2_c3,conv,0,4,4,128,1,5,512,5
46,4,6,0,fc,conv,0,0,16,63,1,9,1008,9
95,4,6,1,fc,conv,0,1,16,63,1,9,1008,9
144,4,6,2,fc,conv,0,2,16,63,1,9,1008,9
47,5,6,0,fc,conv,0,3,16,63,1,9,1008,9
96,5,6,1,fc,conv,0,4,16,63,1,9,1008,9
145,5,6,2,fc,conv,0,5,16,63,1,9,1008,9
48,6,6,0,fc,conv,0,6,16,63,1,9,1008,9
97,6,6,1,fc,conv,0,7,16,63,1,9,1008,9
146,6,6,2,fc,conv,0,8,16,63,1,9,1008,9
