src,dst,phase,class,bytes,packets,window,pir,t_on,t_off,t_period
0,72,shortcut,add,25088,392,38534,0.0002034567,0,38535,38536
1,74,shortcut,add,25088,392,38534,0.0002034567,0,38535,38536
2,78,shortcut,add,25088,392,38534,0.0002034567,0,38535,38536
3,80,shortcut,add,25088,392,38534,0.0002034567,0,38535,38536
4,72,conv2,scatter,25088,392,23120,0.0003391003,5138,28259,38536
4,73,conv2,scatter,25088,392,23120,0.0003391003,5138,28259,38536
4,74,conv2,scatter,25088,392,23120,0.0003391003,5138,28259,38536
4,75,conv2,scatter,25088,392,23120,0.0003391003,5138,28259,38536
4,78,conv2,scatter,25088,392,23120,0.0003391003,5138,28259,38536
4,79,conv2,scatter,25088,392,23120,0.0003391003,5138,28259,38536
4,80,conv2,scatter,25088,392,23120,0.0003391003,5138,28259,38536
4,81,conv2,scatter,25088,392,23120,0.0003391003,5138,28259,38536
5,40,conv2,reduce,100352,1568,23120,0.0013564014,5138,28259,38536
6,0,shortcut,reduce,100352,1568,38534,0.0008138268,0,38535,38536
7,1,shortcut,reduce,100352,1568,38534,0.0008138268,0,38535,38536
8,2,shortcut,reduce,100352,1568,38534,0.0008138268,0,38535,38536
9,3,shortcut,reduce,100352,1568,38534,0.0008138268,0,38535,38536
10,4,conv2,reduce,100352,1568,23120,0.0013564014,5138,28259,38536
11,40,conv2,reduce,100352,1568,23120,0.0013564014,5138,28259,38536
12,0,shortcut,reduce,100352,1568,38534,0.0008138268,0,38535,38536
13,1,shortcut,reduce,100352,1568,38534,0.0008138268,0,38535,38536
14,2,shortcut,reduce,100352,1568,38534,0.0008138268,0,38535,38536
15,3,shortcut,reduce,100352,1568,38534,0.0008138268,0,38535,38536
16,4,conv2,reduce,100352,1568,23120,0.0013564014,5138,28259,38536
17,40,conv2,reduce,100352,1568,23120,0.0013564014,5138,28259,38536
18,0,shortcut,reduce,100352,1568,38534,0.0008138268,0,38535,38536
19,1,shortcut,reduce,100352,1568,38534,0.0008138268,0,38535,38536
20,2,shortcut,reduce,100352,1568,38534,0.0008138268,0,38535,38536
21,3,shortcut,reduce,100352,1568,38534,0.0008138268,0,38535,38536
22,4,conv2,reduce,100352,1568,23120,0.0013564014,5138,28259,38536
23,40,conv2,reduce,100352,1568,23120,0.0013564014,5138,28259,38536
24,0,shortcut,scatter,25088,392,38534,0.0002034567,0,38535,38536
24,1,shortcut,scatter,25088,392,38534,0.0002034567,0,38535,38536
24,2,shortcut,scatter,25088,392,38534,0.0002034567,0,38535,38536
24,3,shortcut,scatter,25088,392,38534,0.0002034567,0,38535,38536
24,4,conv1,scatter,2940,46,5137,0.0001790929,0,5138,38536
24,5,conv1,scatter,2940,46,5137,0.0001790929,0,5138,38536
24,10,conv1,scatter,2940,46,5137,0.0001790929,0,5138,38536
24,11,conv1,scatter,3136,49,5137,0.0001907728,0,5138,38536
24,16,conv1,scatter,2940,46,5137,0.0001790929,0,5138,38536
24,17,conv1,scatter,2940,46,5137,0.0001790929,0,5138,38536
24,25,conv1,scatter,25088,392,5137,0.0015261826,0,5138,38536
24,36,shortcut,scatter,25088,392,38534,0.0002034567,0,38535,38536
24,37,shortcut,scatter,25088,392,38534,0.0002034567,0,38535,38536
24,38,shortcut,scatter,25088,392,38534,0.0002034567,0,38535,38536
24,39,shortcut,scatter,25088,392,38534,0.0002034567,0,38535,38536
24,40,conv1,scatter,2940,46,5137,0.0001790929,0,5138,38536
24,41,conv1,scatter,2940,46,5137,0.0001790929,0,5138,38536
24,46,conv1,scatter,2940,46,5137,0.0001790929,0,5138,38536
24,47,conv1,scatter,2940,46,5137,0.0001790929,0,5138,38536
24,52,conv1,scatter,2940,46,5137,0.0001790929,0,5138,38536
24,53,conv1,scatter,2940,46,5137,0.0001790929,0,5138,38536
24,76,conv1,scatter,2940,46,5137,0.0001790929,0,5138,38536
24,77,conv1,scatter,2940,46,5137,0.0001790929,0,5138,38536
24,82,conv1,scatter,3136,49,5137,0.0001907728,0,5138,38536
24,83,conv1,scatter,2940,46,5137,0.0001790929,0,5138,38536
24,88,conv1,scatter,2940,46,5137,0.0001790929,0,5138,38536
24,89,conv1,scatter,2940,46,5137,0.0001790929,0,5138,38536
25,22,conv1,scatter,2940,46,5137,0.0001790929,0,5138,38536
25,23,conv1,scatter,2940,46,5137,0.0001790929,0,5138,38536
25,28,conv1,scatter,2940,46,5137,0.0001790929,0,5138,38536
25,29,conv1,scatter,3136,49,5137,0.0001907728,0,5138,38536
25,34,conv1,scatter,2940,46,5137,0.0001790929,0,5138,38536
25,35,conv1,scatter,2940,46,5137,0.0001790929,0,5138,38536
25,58,conv1,scatter,2940,46,5137,0.0001790929,0,5138,38536
25,59,conv1,scatter,2940,46,5137,0.0001790929,0,5138,38536
25,64,conv1,scatter,2940,46,5137,0.0001790929,0,5138,38536
25,65,conv1,scatter,2940,46,5137,0.0001790929,0,5138,38536
25,70,conv1,scatter,2940,46,5137,0.0001790929,0,5138,38536
25,71,conv1,scatter,2940,46,5137,0.0001790929,0,5138,38536
25,94,conv1,scatter,2940,46,5137,0.0001790929,0,5138,38536
25,95,conv1,scatter,2940,46,5137,0.0001790929,0,5138,38536
25,100,conv1,scatter,3136,49,5137,0.0001907728,0,5138,38536
25,101,conv1,scatter,2940,46,5137,0.0001790929,0,5138,38536
25,106,conv1,scatter,2940,46,5137,0.0001790929,0,5138,38536
25,107,conv1,scatter,2940,46,5137,0.0001790929,0,5138,38536
26,6,shortcut,scatter,25088,392,38534,0.0002034567,0,38535,38536
26,7,shortcut,scatter,25088,392,38534,0.0002034567,0,38535,38536
26,8,shortcut,scatter,25088,392,38534,0.0002034567,0,38535,38536
26,9,shortcut,scatter,25088,392,38534,0.0002034567,0,38535,38536
26,24,conv1,reduce,100352,1568,5137,0.0061047304,0,5138,38536
26,27,conv1,scatter,25088,392,5137,0.0015261826,0,5138,38536
26,42,shortcut,scatter,25088,392,38534,0.0002034567,0,38535,38536
26,43,shortcut,scatter,25088,392,38534,0.0002034567,0,38535,38536
26,44,shortcut,scatter,25088,392,38534,0.0002034567,0,38535,38536
26,45,shortcut,scatter,25088,392,38534,0.0002034567,0,38535,38536
27,25,conv1,reduce,100352,1568,5137,0.0061047304,0,5138,38536
28,4,conv2,reduce,100352,1568,23120,0.0013564014,5138,28259,38536
29,40,conv2,reduce,100352,1568,23120,0.0013564014,5138,28259,38536
30,12,shortcut,scatter,25088,392,38534,0.0002034567,0,38535,38536
30,13,shortcut,scatter,25088,392,38534,0.0002034567,0,38535,38536
30,14,shortcut,scatter,25088,392,38534,0.0002034567,0,38535,38536
30,15,shortcut,scatter,25088,392,38534,0.0002034567,0,38535,38536
30,24,conv1,reduce,100352,1568,5137,0.0061047304,0,5138,38536
30,31,conv1,scatter,25088,392,5137,0.0015261826,0,5138,38536
30,48,shortcut,scatter,25088,392,38534,0.0002034567,0,38535,38536
30,49,shortcut,scatter,25088,392,38534,0.0002034567,0,38535,38536
30,50,shortcut,scatter,25088,392,38534,0.0002034567,0,38535,38536
30,51,shortcut,scatter,25088,392,38534,0.0002034567,0,38535,38536
31,25,conv1,reduce,100352,1568,5137,0.0061047304,0,5138,38536
32,18,shortcut,scatter,25088,392,38534,0.0002034567,0,38535,38536
32,19,shortcut,scatter,25088,392,38534,0.0002034567,0,38535,38536
32,20,shortcut,scatter,25088,392,38534,0.0002034567,0,38535,38536
32,21,shortcut,scatter,25088,392,38534,0.0002034567,0,38535,38536
32,24,conv1,reduce,100352,1568,5137,0.0061047304,0,5138,38536
32,33,conv1,scatter,25088,392,5137,0.0015261826,0,5138,38536
32,54,shortcut,scatter,25088,392,38534,0.0002034567,0,38535,38536
32,55,shortcut,scatter,25088,392,38534,0.0002034567,0,38535,38536
32,56,shortcut,scatter,25088,392,38534,0.0002034567,0,38535,38536
32,57,shortcut,scatter,25088,392,38534,0.0002034567,0,38535,38536
33,25,conv1,reduce,100352,1568,5137,0.0061047304,0,5138,38536
34,4,conv2,reduce,100352,1568,23120,0.0013564014,5138,28259,38536
35,40,conv2,reduce,100352,1568,23120,0.0013564014,5138,28259,38536
36,73,shortcut,add,25088,392,38534,0.0002034567,0,38535,38536
37,75,shortcut,add,25088,392,38534,0.0002034567,0,38535,38536
38,79,shortcut,add,25088,392,38534,0.0002034567,0,38535,38536
39,81,shortcut,add,25088,392,38534,0.0002034567,0,38535,38536
40,84,conv2,scatter,25088,392,23120,0.0003391003,5138,28259,38536
40,85,conv2,scatter,25088,392,23120,0.0003391003,5138,28259,38536
40,86,conv2,scatter,25088,392,23120,0.0003391003,5138,28259,38536
40,87,conv2,scatter,25088,392,23120,0.0003391003,5138,28259,38536
40,90,conv2,scatter,25088,392,23120,0.0003391003,5138,28259,38536
40,91,conv2,scatter,25088,392,23120,0.0003391003,5138,28259,38536
40,92,conv2,scatter,25088,392,23120,0.0003391003,5138,28259,38536
40,93,conv2,scatter,25088,392,23120,0.0003391003,5138,28259,38536
41,4,conv2,reduce,100352,1568,23120,0.0013564014,5138,28259,38536
42,36,shortcut,reduce,100352,1568,38534,0.0008138268,0,38535,38536
43,37,shortcut,reduce,100352,1568,38534,0.0008138268,0,38535,38536
44,38,shortcut,reduce,100352,1568,38534,0.0008138268,0,38535,38536
45,39,shortcut,reduce,100352,1568,38534,0.0008138268,0,38535,38536
46,40,conv2,reduce,100352,1568,23120,0.0013564014,5138,28259,38536
47,4,conv2,reduce,100352,1568,23120,0.0013564014,5138,28259,38536
48,36,shortcut,reduce,100352,1568,38534,0.0008138268,0,38535,38536
49,37,shortcut,reduce,100352,1568,38534,0.0008138268,0,38535,38536
50,38,shortcut,reduce,100352,1568,38534,0.0008138268,0,38535,38536
51,39,shortcut,reduce,100352,1568,38534,0.0008138268,0,38535,38536
52,40,conv2,reduce,100352,1568,23120,0.0013564014,5138,28259,38536
53,4,conv2,reduce,100352,1568,23120,0.0013564014,5138,28259,38536
54,36,shortcut,reduce,100352,1568,38534,0.0008138268,0,38535,38536
55,37,shortcut,reduce,100352,1568,38534,0.0008138268,0,38535,38536
56,38,shortcut,reduce,100352,1568,38534,0.0008138268,0,38535,38536
57,39,shortcut,reduce,100352,1568,38534,0.0008138268,0,38535,38536
58,40,conv2,reduce,100352,1568,23120,0.0013564014,5138,28259,38536
59,4,conv2,reduce,100352,1568,23120,0.0013564014,5138,28259,38536
64,40,conv2,reduce,100352,1568,23120,0.0013564014,5138,28259,38536
65,4,conv2,reduce,100352,1568,23120,0.0013564014,5138,28259,38536
70,40,conv2,reduce,100352,1568,23120,0.0013564014,5138,28259,38536
71,4,conv2,reduce,100352,1568,23120,0.0013564014,5138,28259,38536
76,4,conv2,reduce,100352,1568,23120,0.0013564014,5138,28259,38536
77,40,conv2,reduce,100352,1568,23120,0.0013564014,5138,28259,38536
82,4,conv2,reduce,100352,1568,23120,0.0013564014,5138,28259,38536
83,40,conv2,reduce,100352,1568,23120,0.0013564014,5138,28259,38536
84,72,conv3,reduce,100352,1568,10275,0.0030520681,28259,38535,38536
85,73,conv3,reduce,100352,1568,10275,0.0030520681,28259,38535,38536
86,74,conv3,reduce,100352,1568,10275,0.0030520681,28259,38535,38536
87,75,conv3,reduce,100352,1568,10275,0.0030520681,28259,38535,38536
88,4,conv2,reduce,100352,1568,23120,0.0013564014,5138,28259,38536
89,40,conv2,reduce,100352,1568,23120,0.0013564014,5138,28259,38536
90,78,conv3,reduce,100352,1568,10275,0.0030520681,28259,38535,38536
91,79,conv3,reduce,100352,1568,10275,0.0030520681,28259,38535,38536
92,80,conv3,reduce,100352,1568,10275,0.0030520681,28259,38535,38536
93,81,conv3,reduce,100352,1568,10275,0.0030520681,28259,38535,38536
94,4,conv2,reduce,100352,1568,23120,0.0013564014,5138,28259,38536
95,40,conv2,reduce,100352,1568,23120,0.0013564014,5138,28259,38536
100,4,conv2,reduce,100352,1568,23120,0.0013564014,5138,28259,38536
101,40,conv2,reduce,100352,1568,23120,0.0013564014,5138,28259,38536
106,4,conv2,reduce,100352,1568,23120,0.0013564014,5138,28259,38536
107,40,conv2,reduce,100352,1568,23120,0.0013564014,5138,28259,38536
